{
  "Total" : {
    "transaction" : "Total",
    "sampleCount" : 9870,
    "errorCount" : 0,
    "errorPct" : 0.0,
    "meanResTime" : 2528.398885511659,
    "medianResTime" : 2387.0,
    "minResTime" : 14.0,
    "maxResTime" : 9262.0,
    "pct1ResTime" : 3937.0,
    "pct2ResTime" : 4428.449999999999,
    "pct3ResTime" : 5714.379999999979,
    "throughput" : 33.00307961867566,
    "receivedKBytesPerSec" : 105.22846173924893,
    "sentKBytesPerSec" : 4.540548835028071
  },
  "GET /items" : {
    "transaction" : "GET /items",
    "sampleCount" : 4964,
    "errorCount" : 0,
    "errorPct" : 0.0,
    "meanResTime" : 2604.9147864625347,
    "medianResTime" : 2458.5,
    "minResTime" : 45.0,
    "maxResTime" : 9262.0,
    "pct1ResTime" : 3997.0,
    "pct2ResTime" : 4493.5,
    "pct3ResTime" : 6026.800000000003,
    "throughput" : 16.598509344185004,
    "receivedKBytesPerSec" : 75.07125314628523,
    "sentKBytesPerSec" : 2.251338320646486
  },
  "GET /categories" : {
    "transaction" : "GET /categories",
    "sampleCount" : 4906,
    "errorCount" : 0,
    "errorPct" : 0.0,
    "meanResTime" : 2450.9783938035052,
    "medianResTime" : 2306.5,
    "minResTime" : 14.0,
    "maxResTime" : 8763.0,
    "pct1ResTime" : 3883.3,
    "pct2ResTime" : 4340.299999999999,
    "pct3ResTime" : 5353.140000000058,
    "throughput" : 16.81334649339255,
    "receivedKBytesPerSec" : 30.908679036565434,
    "sentKBytesPerSec" : 2.3462540578991202
  }
}