{
  "Total" : {
    "transaction" : "Total",
    "sampleCount" : 53580,
    "errorCount" : 53580,
    "errorPct" : 100.0,
    "meanResTime" : 9.203994027622155,
    "medianResTime" : 2.0,
    "minResTime" : 0.0,
    "maxResTime" : 1004.0,
    "pct1ResTime" : 27.0,
    "pct2ResTime" : 50.0,
    "pct3ResTime" : 190.0,
    "throughput" : 181.6400489526373,
    "receivedKBytesPerSec" : 151.09655780051293,
    "sentKBytesPerSec" : 23.674970559344903
  },
  "POST /items (5KB)" : {
    "transaction" : "POST /items (5KB)",
    "sampleCount" : 53580,
    "errorCount" : 53580,
    "errorPct" : 100.0,
    "meanResTime" : 9.203994027622155,
    "medianResTime" : 2.0,
    "minResTime" : 0.0,
    "maxResTime" : 1004.0,
    "pct1ResTime" : 27.0,
    "pct2ResTime" : 50.0,
    "pct3ResTime" : 190.0,
    "throughput" : 181.6400489526373,
    "receivedKBytesPerSec" : 151.09655780051293,
    "sentKBytesPerSec" : 23.674970559344903
  }
}