{
  "Total" : {
    "transaction" : "Total",
    "sampleCount" : 56447,
    "errorCount" : 56447,
    "errorPct" : 100.0,
    "meanResTime" : 8.328449696175198,
    "medianResTime" : 2.0,
    "minResTime" : 1.0,
    "maxResTime" : 1483.0,
    "pct1ResTime" : 6.0,
    "pct2ResTime" : 9.0,
    "pct3ResTime" : 39.9900000000016,
    "throughput" : 188.75754485110937,
    "receivedKBytesPerSec" : 136.51132537536157,
    "sentKBytesPerSec" : 25.356163082688223
  },
  "POST /items (5KB)" : {
    "transaction" : "POST /items (5KB)",
    "sampleCount" : 56447,
    "errorCount" : 56447,
    "errorPct" : 100.0,
    "meanResTime" : 8.328449696175198,
    "medianResTime" : 2.0,
    "minResTime" : 1.0,
    "maxResTime" : 1483.0,
    "pct1ResTime" : 6.0,
    "pct2ResTime" : 9.0,
    "pct3ResTime" : 39.9900000000016,
    "throughput" : 188.75754485110937,
    "receivedKBytesPerSec" : 136.51132537536157,
    "sentKBytesPerSec" : 25.356163082688223
  }
}